{"X_min": [-9.3751946775, 0.00022410088675361045, -9.63522681, 0.0003726801435212231, -1.4683989394999997, 0.0007202587789179138, 19137.831373660934, -0.8039902916503999, 0.001395900624528357, -1.033287714885, 0.002725746131989388, -0.6644259135414999, 0.002559137210782654, 0.0051700113053092375, -9.4441560045, 0.012272461417890056, -9.710068135, 0.010380378365212807, -1.511447527, 0.009576772784466803, 17810.2846320851], "X_max": [9.7880850475, 6.515843596187132, 9.7203014375, 5.165915409854727, 9.750653142500001, 4.8547621266720435, 19234.077179307882, 0.5989228278549998, 1.8729886707163943, 0.7913056772092201, 3.1986635835088197, 0.60827823421375, 1.6967194211878693, 2254.416764987095, 10.0624107675, 8.378804418638243, 9.73809224, 7.274335272282919, 9.6651528525, 8.050226280584015, 32494.921015460113]}