{"X_min": [-9.3749526925, 0.00022439895542037487, -9.635268795, 0.0003723727492379109, -1.4684840515, 0.0007190238792689545, 19233.991213066038, -0.8046408631504, 0.0013935194187761838, -1.020212144585, 0.002775238155240742, -0.6625597201414999, 0.002567958295004598, 0.005138223050783102, -9.427157169500001, 0.012273634893653103, -9.709505495, 0.010488956756393995, -1.5115792075, 0.009538335776348567, 17737.817488585737, -1.0, -0.9996798592104685, -0.49621529792596913], "X_max": [9.7881451275, 6.512283077277579, 9.7202963825, 5.158347249270118, 9.7498364725, 4.873394386888352, 19234.07720804553, 0.6020657295049999, 1.8697194202734824, 0.7769961584092201, 3.1938620739968986, 0.60827212555875, 1.686865765427273, 2246.8967374801546, 10.0646254075, 8.377534311326027, 9.738307715000001, 7.274779786522677, 9.6647697825, 8.065990994885654, 32276.018347010668, 0.9992083809670947, 0.5250466852089599, 1.0]}