{"X_min": [-7.9050071755, 0.00021596747156688847, -9.70214501, 0.00035498932163526334, -3.7203006774999996, 0.000279789721755522, 19233.97972844506, -0.2891011422825, 0.004315959670199628, -0.48852115325, 0.004593511674407759, -0.9290557897745001, 0.0019913433890931015, 0.010560557933818441, -7.945685137000001, 0.009489482727235127, -9.798114785000001, 0.013435167563285312, -3.7523604639999997, 0.012484612269933049, 18197.813317891603, -0.9979892958010452, -0.7015757198822908, -0.16436119530362928], "X_max": [9.7478054475, 3.1202248750743458, 9.64160024, 4.217069441928726, 9.791534975, 1.9643269716444345, 19234.07750288368, 0.22068728657145, 0.7158773794999328, 0.8639436631845, 1.4475834696542764, 1.225322377772, 1.2036115248709065, 620.7364261738505, 10.0050696525, 4.641159347004782, 9.646059135, 3.81374123596519, 9.939181195, 3.7638566291203253, 22096.359090930724, 1.0, 0.3341922367889033, 1.0]}