{"X_min": [-7.904947017, 0.00021630989713833598, -9.702262020000001, 0.0003623575513219846, -3.7194876714999996, 0.0002812216372810405, 19137.833547495855, -0.2898036372825, 0.004338394917313881, -0.48690236045, 0.004599012087773165, -0.9383348327745, 0.001994713543579814, 0.010534623565316542, -7.945541485, 0.009440311253342961, -9.797971135000001, 0.013486402005801578, -3.7517259999999997, 0.012459258999251382, 18197.575791927073], "X_max": [9.7477642875, 3.1014163980423306, 9.64145596, 4.205620532791675, 9.791515715, 1.9609956685137266, 19234.077511789957, 0.22101104515145, 0.7159494508646179, 0.8688092048344999, 1.450686634752824, 1.230814056292, 1.195980437296371, 619.3898441871552, 10.0057280525, 4.651629097161808, 9.6455922675, 3.824558104358656, 9.94478363, 3.7620375595310187, 21997.312996607103]}